﻿"Latitude (Computed location)";"Status (Computed location)";"Longitude (Computed location)";"Radius (Computed location)";"Source (Computed location)";"Country";"Data";"Device ID";"Data1 (Downlink answer status)";"Data2 (Downlink answer status)";"Data3 (Downlink answer status)";"Data4 (Downlink answer status)";"Data5 (Downlink answer status)";"Downlink client status";"GetQualityRepeaters";"Link quality";"Operator";"Sequence number";"Timestamp"
;;;;;"IRL";"3231";"001CF72E";"";;;;;"PENDING";"N/A";"Average";"SIGFOX_Ireland_VT";"144";"2018-09-18 11:10:18"
;;;;;"IRL";"3231";"001CF72E";"000014080000ff85";;;;;"ACKED";"N/A";"Average";"SIGFOX_Ireland_VT";"142";"2018-09-18 11:09:39"
;;;;;"IRL";"3231";"001CF72E";"000014080000ff86";;;;;"ACKED";"N/A";"Average";"SIGFOX_Ireland_VT";"140";"2018-09-18 11:09:00"
;;;;;"IRL";"3231";"001CF72E";"000014080000ff84";;;;;"ACKED";"N/A";"Average";"SIGFOX_Ireland_VT";"138";"2018-09-18 11:08:22"
;;;;;"IRL";"3231";"001CF72E";"000014080000ff86";;;;;"ACKED";"N/A";"Average";"SIGFOX_Ireland_VT";"136";"2018-09-18 11:07:43"
;;;;;"IRL";"3231";"001CF72E";"000014080000ff87";;;;;"ACKED";"N/A";"Good";"SIGFOX_Ireland_VT";"134";"2018-09-18 11:07:04"
;;;;;"IRL";"3231";"001CF72E";"000014080000ff85";;;;;"ACKED";"N/A";"Average";"SIGFOX_Ireland_VT";"132";"2018-09-18 11:06:26"
;;;;;"IRL";"3231";"001CF72E";"000014080000ff83";;;;;"ACKED";"N/A";"Average";"SIGFOX_Ireland_VT";"130";"2018-09-18 11:05:48"
;;;;;"IRL";"3231";"001CF72E";"000014080000ff86";;;;;"ACKED";"N/A";"Average";"SIGFOX_Ireland_VT";"128";"2018-09-18 11:05:09"
;;;;;"IRL";"3232";"001CF72E";"000014080000ff85";;;;;"ACKED";"N/A";"Average";"SIGFOX_Ireland_VT";"126";"2018-09-18 11:04:31"
;;;;;"IRL";"3231";"001CF72E";"000014080000ff85";;;;;"ACKED";"N/A";"Average";"SIGFOX_Ireland_VT";"124";"2018-09-18 11:03:52"
;;;;;"IRL";"3231";"001CF72E";"000014080000ff85";;;;;"ACKED";"N/A";"Average";"SIGFOX_Ireland_VT";"122";"2018-09-18 11:03:14"
;;;;;"IRL";"3231";"001CF72E";"000014080000ff85";;;;;"ACKED";"N/A";"Average";"SIGFOX_Ireland_VT";"120";"2018-09-18 11:02:37"
;;;;;"IRL";"3231";"001CF72E";"000014080000ff81";;;;;"ACKED";"N/A";"Average";"SIGFOX_Ireland_VT";"118";"2018-09-18 11:01:56"
;;;;;"IRL";"3231";"001CF72E";"000014080000ff81";;;;;"ACKED";"N/A";"Average";"SIGFOX_Ireland_VT";"116";"2018-09-18 11:01:17"
;;;;;"IRL";"3231";"001CF72E";"000014080000ff82";;;;;"ACKED";"N/A";"Average";"SIGFOX_Ireland_VT";"114";"2018-09-18 11:00:39"
;;;;;"IRL";"3231";"001CF72E";"000014080000ff81";;;;;"ACKED";"N/A";"Average";"SIGFOX_Ireland_VT";"112";"2018-09-18 11:00:01"
;;;;;"IRL";"3231";"001CF72E";"000014080000ff83";;;;;"ACKED";"N/A";"Average";"SIGFOX_Ireland_VT";"110";"2018-09-18 10:59:22"
;;;;;"IRL";"3231";"001CF72E";"000014080000ff80";;;;;"ACKED";"N/A";"Average";"SIGFOX_Ireland_VT";"109";"2018-09-18 10:58:53"
;;;;;"IRL";"3231";"001CF72E";"000014080000ff80";;;;;"ACKED";"N/A";"Average";"SIGFOX_Ireland_VT";"107";"2018-09-18 10:58:15"
;;;;;"IRL";"313131";"001CF72E";"000014080000ff84";;;;;"ACKED";"N/A";"Average";"SIGFOX_Ireland_VT";"105";"2018-09-18 10:54:58"
;;;;;"IRL";"31313131313131313131";"001CF72E";"000014080000ff82";;;;;"ACKED";"N/A";"Average";"SIGFOX_Ireland_VT";"103";"2018-09-18 10:51:43"
;;;;;"IRL";"3131313131";"001CF72E";"000014080000ff82";;;;;"ACKED";"N/A";"Average";"SIGFOX_Ireland_VT";"96";"2018-06-19 09:32:51"
;;;;;"IRL";"3131313131313131";"001CF72E";"000014080000ff7f";;;;;"ACKED";"N/A";"Average";"SIGFOX_Ireland_VT";"94";"2018-06-19 09:19:55"
;;;;;"IRL";"31313131313131";"001CF72E";"000014080000ff7d";;;;;"ACKED";"N/A";"Average";"SIGFOX_Ireland_VT";"92";"2018-06-18 13:33:59"
;;;;;"IRL";"3237";"001CF72E";"000014080000ff7f";;;;;"ACKED";"N/A";"Average";"SIGFOX_Ireland_VT";"90";"2018-06-18 13:32:56"
;;;;;"IRL";"3232";"001CF72E";"000014080000ff7e";;;;;"ACKED";"N/A";"Average";"SIGFOX_Ireland_VT";"89";"2018-06-18 12:07:15"
;;;;;"IRL";"3232";"001CF72E";"000014080000ff7f";;;;;"ACKED";"N/A";"Average";"SIGFOX_Ireland_VT";"87";"2018-06-18 12:06:37"
;;;;;"IRL";"3232";"001CF72E";"000014080000ff7f";;;;;"ACKED";"N/A";"Average";"SIGFOX_Ireland_VT";"85";"2018-06-18 12:05:58"
;;;;;"IRL";"3231";"001CF72E";"000014080000ff81";;;;;"ACKED";"N/A";"Average";"SIGFOX_Ireland_VT";"83";"2018-06-18 12:05:22"
;;;;;"IRL";"3232";"001CF72E";"000014080000ff82";;;;;"ACKED";"N/A";"Average";"SIGFOX_Ireland_VT";"82";"2018-06-18 12:04:46"
;;;;;"IRL";"3233";"001CF72E";"000014080000ff7e";;;;;"ACKED";"N/A";"Average";"SIGFOX_Ireland_VT";"81";"2018-06-18 11:46:40"
;;;;;"IRL";"3233";"001CF72E";"000014080000ff75";;;;;"ACKED";"N/A";"Limit";"SIGFOX_Ireland_VT";"79";"2018-06-18 11:46:02"
;;;;;"IRL";"3234";"001CF72E";"000014080000ff7a";;;;;"ACKED";"N/A";"Average";"SIGFOX_Ireland_VT";"77";"2018-06-18 11:45:23"
;;;;;"IRL";"3234";"001CF72E";"000014080000ff7c";;;;;"ACKED";"N/A";"Average";"SIGFOX_Ireland_VT";"75";"2018-06-18 11:44:44"
;;;;;"IRL";"3235";"001CF72E";"000014080000ff72";;;;;"ACKED";"N/A";"Limit";"SIGFOX_Ireland_VT";"73";"2018-06-18 11:44:07"
;;;;;"IRL";"3236";"001CF72E";"000014080000ff82";;;;;"ACKED";"N/A";"Average";"SIGFOX_Ireland_VT";"71";"2018-06-18 11:43:27"
;;;;;"IRL";"3236";"001CF72E";"000014080000ff82";;;;;"ACKED";"N/A";"Average";"SIGFOX_Ireland_VT";"69";"2018-06-18 11:42:48"
;;;;;"IRL";"3234";"001CF72E";"000014080000ff7a";;;;;"ACKED";"N/A";"Average";"SIGFOX_Ireland_VT";"67";"2018-06-18 11:42:09"
;;;;;"IRL";"3234";"001CF72E";"000014080000ff7f";;;;;"ACKED";"N/A";"Average";"SIGFOX_Ireland_VT";"65";"2018-06-18 11:41:30"
;;;;;"IRL";"3234";"001CF72E";"000014080000ff7f";;;;;"ACKED";"N/A";"Average";"SIGFOX_Ireland_VT";"63";"2018-06-18 11:40:51"
;;;;;"IRL";"3235";"001CF72E";"000014080000ff7b";;;;;"ACKED";"N/A";"Average";"SIGFOX_Ireland_VT";"61";"2018-06-18 11:40:14"
;;;;;"IRL";"3237";"001CF72E";"000014080000ff81";;;;;"ACKED";"N/A";"Average";"SIGFOX_Ireland_VT";"59";"2018-06-18 11:39:35"
;;;;;"IRL";"3237";"001CF72E";"000014080000ff7f";;;;;"ACKED";"N/A";"Average";"SIGFOX_Ireland_VT";"57";"2018-06-18 11:38:56"
;;;;;"IRL";"3234";"001CF72E";"000014080000ff7a";;;;;"ACKED";"N/A";"Average";"SIGFOX_Ireland_VT";"55";"2018-06-18 11:38:18"
;;;;;"IRL";"3233";"001CF72E";"000014080000ff7e";;;;;"ACKED";"N/A";"Average";"SIGFOX_Ireland_VT";"53";"2018-06-18 11:37:39"
;;;;;"IRL";"313233343536";"001CF72E";"000014080000ff84";;;;;"ACKED";"N/A";"Average";"SIGFOX_Ireland_VT";"51";"2018-06-13 11:13:49"
;;;;;"IRL";"313131313131";"001CF72E";"000014080000ff86";;;;;"ACKED";"N/A";"Average";"SIGFOX_Ireland_VT";"49";"2018-06-13 11:10:21"
;;;;;"IRL";"313131313131313131";"001CF72E";"000014080000ff7e";;;;;"ACKED";"N/A";"Average";"SIGFOX_Ireland_VT";"47";"2018-06-12 12:08:30"
;;;;;"IRL";"30303030303030303030";"001CF72E";"000014080000ff80";;;;;"ACKED";"N/A";"Average";"SIGFOX_Ireland_VT";"45";"2018-06-12 11:34:10"
;;;;;"IRL";"3132333435363738";"001CF72E";"";;;;;"INVALID_CONFIGURATION";"N/A";"Average";"SIGFOX_Ireland_VT";"44";"2018-06-12 11:07:41"
;;;;;"IRL";"3131313131313131313131";"001CF72E";"";;;;;"INVALID_CONFIGURATION";"N/A";"Average";"SIGFOX_Ireland_VT";"43";"2018-06-12 09:20:37"
;;;;;"IRL";"343434";"001CF72E";"";;;;;"INVALID_CONFIGURATION";"N/A";"Average";"SIGFOX_Ireland_VT";"42";"2018-06-12 08:36:31"
;;;;;"IRL";"313131313131313131313131";"001CF72E";"";;;;;"INVALID_CONFIGURATION";"N/A";"Average";"SIGFOX_Ireland_VT";"41";"2018-06-11 11:58:48"
;;;;;"IRL";"68656c6c6f6f6f6f6f";"001CF72E";"";;;;;"INVALID_CONFIGURATION";"N/A";"Average";"SIGFOX_Ireland_VT";"40";"2018-06-11 11:42:16"
;;;;;"IRL";"796172616220796573687433";"001CF72E";"";;;;;"INVALID_CONFIGURATION";"N/A";"Limit";"SIGFOX_Ireland_VT";"39";"2018-06-11 11:25:06"
;;;;;"IRL";"68656c6c6f6f6f206c6f6c6c";"001CF72E";"";;;;;"INVALID_CONFIGURATION";"N/A";"Average";"SIGFOX_Ireland_VT";"38";"2018-06-11 11:16:31"
;;;;;"IRL";"313233343535";"001CF72E";"";;;;;"INVALID_CONFIGURATION";"N/A";"Average";"SIGFOX_Ireland_VT";"37";"2018-06-11 10:55:18"
;;;;;"IRL";"68656c6c6f6f6f6f6f6f";"001CF72E";"";;;;;"INVALID_CONFIGURATION";"N/A";"Average";"SIGFOX_Ireland_VT";"36";"2018-06-11 09:47:42"
;;;;;"IRL";"68656c6c6f6f6f6f6f";"001CF72E";"";;;;;"INVALID_CONFIGURATION";"N/A";"Average";"SIGFOX_Ireland_VT";"35";"2018-06-11 09:35:50"
;;;;;"IRL";"68696969696969";"001CF72E";"";;;;;"INVALID_CONFIGURATION";"N/A";"Average";"SIGFOX_Ireland_VT";"34";"2018-06-11 09:20:40"
;;;;;"IRL";"796172616220796573687461";"001CF72E";"";;;;;"INVALID_CONFIGURATION";"N/A";"Limit";"SIGFOX_Ireland_VT";"33";"2018-06-11 09:14:20"
;;;;;"IRL";"626f6e6a6f75727272727220";"001CF72E";"";;;;;"INVALID_CONFIGURATION";"N/A";"Average";"SIGFOX_Ireland_VT";"32";"2018-06-11 09:07:50"
;;;;;"IRL";"68656c6c6f6f6f";"001CF72E";"";;;;;"INVALID_CONFIGURATION";"N/A";"Limit";"SIGFOX_Ireland_VT";"28";"2018-05-23 11:24:44"
;;;;;"IRL";"68656c6c6f6f6f6f6f";"001CF72E";"";;;;;"INVALID_CONFIGURATION";"N/A";"Limit";"SIGFOX_Ireland_VT";"26";"2018-05-23 11:00:34"
;;;;;"IRL";"68656c6c6f";"001CF72E";"";;;;;"INVALID_CONFIGURATION";"N/A";"Limit";"SIGFOX_Ireland_VT";"25";"2018-05-23 10:51:49"
